UserScreenName,UserName,Timestamp,Text,Embedded_text,Emojis,Comments,Likes,Retweets,Image link,Tweet URL
bunny boy,@MikieMayo,2021-10-01T20:56:35.000Z,"bunny boy
@MikieMayo
Â·
2021å¹´10æœˆ2æ—¥","we just bought a house!!!!!!!!!
i am adult ",ğŸ° ğŸ ,10,1,53,['https://pbs.twimg.com/media/FApF_RwXoAMb2Dj?format=jpg&name=900x900'],https://twitter.com/MikieMayo/status/1444043587738558472
ğ™…ğ™€ğ™ğ™ ğ™ˆğ™€ğ˜¿ğ™„ğ˜¼,@NYJets_Media,2021-10-01T22:16:43.000Z,"ğ™…ğ™€ğ™ğ™ ğ™ˆğ™€ğ˜¿ğ™„ğ˜¼
@NYJets_Media
Â·
2021å¹´10æœˆ2æ—¥","I absolutely love how the entire #Jets fan base is showing so much support to Denzel Mims

I hope he has a great day Sunday ",ğŸ›« âœˆ,20,32,573,['https://pbs.twimg.com/tweet_video_thumb/FApYU_CWQAU4zdu.jpg'],https://twitter.com/NYJets_Media/status/1444063755881623553
Melissa Stager,@melissalstager,2021-10-01T22:08:16.000Z,"Melissa Stager
@melissalstager
Â·
2021å¹´10æœˆ2æ—¥","I'm passionate about the power of Ts & public education. As a T you make an impact. But, as an admin. I wonder. So when a person told me today that I changed his life, it moved me. Share kind thoughts &  be good to others. We",,2,3,24,['https://pbs.twimg.com/media/FApWZmxXoAM3PTm?format=jpg&name=900x900'],https://twitter.com/melissalstager/status/1444061631118512130
Franklin Taveras,@thatslife213,2021-10-01T22:13:46.000Z,"Franklin Taveras
@thatslife213
Â·
2021å¹´10æœˆ2æ—¥","å›å¤ 
@RonFilipkowski",,3,12,109,[],https://twitter.com/thatslife213/status/1444063011996643328
Honeynut Cheery Hole,@DavidRyan091,2021-10-01T23:14:11.000Z,"Honeynut Cheery Hole
@DavidRyan091
Â·
2021å¹´10æœˆ2æ—¥","Glasses or no glasses? Smile or no smile? Either way, Iâ€™m sliving",â˜,,,10,"['https://pbs.twimg.com/media/FApleqYX0AIP34J?format=jpg&name=small', 'https://pbs.twimg.com/media/FAplerOXoAIJ7ff?format=jpg&name=small']",https://twitter.com/DavidRyan091/status/1444078218961727493
kunmie,@Rotimi_Czar,2021-10-01T21:44:56.000Z,"kunmie
@Rotimi_Czar
Â·
2021å¹´10æœˆ2æ—¥","å›å¤ 
@YettyMal",,2,3,13,['https://pbs.twimg.com/media/FApRDdsXMAMlGKO?format=jpg&name=medium'],https://twitter.com/Rotimi_Czar/status/1444055755703955459
yosyjess,@yosyJess,2021-10-01T23:35:03.000Z,"yosyjess
@yosyJess
Â·
2021å¹´10æœˆ2æ—¥","Movie award season starts at the end of the year and many of these movies are not even out, so is just predictions that could change,I hope 
@PrimeVideo
 will campaign strong for 
@Cinderella
 @Camila_Cabello
 in best musical,best actress in a musical or comedy and best original song",,2,20,89,[],https://twitter.com/yosyJess/status/1444083467663327238
Joe Dixon,@JoeLewisdixon,2021-10-01T21:44:30.000Z,"Joe Dixon
@JoeLewisdixon
Â·
2021å¹´10æœˆ2æ—¥","å›å¤ 
@agraybee",,2,,27,[],https://twitter.com/JoeLewisdixon/status/1444055647612547084
Laura,@lauraboraa_,2021-10-01T23:06:36.000Z,"Laura
@lauraboraa_
Â·
2021å¹´10æœˆ2æ—¥",I take more pics then i actually work,ğŸ¦‹,1,,36,['https://pbs.twimg.com/ext_tw_video_thumb/1444076293394477059/pu/img/TdKz-L18D7tyzA-r.jpg'],https://twitter.com/lauraboraa_/status/1444076309873836032
Maybe: Taylor,@tayngel_,2021-10-01T23:46:06.000Z,"Maybe: Taylor
@tayngel_
Â·
2021å¹´10æœˆ2æ—¥","This retrograde is teaching me to be STILL. And FEEL. And not to speak. Let the chips fall as they may, I will always come out on top.",,,2,20,[],https://twitter.com/tayngel_/status/1444086248700846088
Step,@stephxragazzo,2021-10-01T22:48:18.000Z,"Step
@stephxragazzo
Â·
2021å¹´10æœˆ2æ—¥",Ay oh can I get on the guest list ?,,,2,4,[],https://twitter.com/stephxragazzo/status/1444071704666460163
Iâ€™m Jeff,@whosjeffiam,2021-10-01T21:29:14.000Z,"Iâ€™m Jeff
@whosjeffiam
Â·
2021å¹´10æœˆ2æ—¥",Fun fact: I just made my trainer tweet this while weâ€™re working out,,10,3,127,"['https://pbs.twimg.com/profile_images/1283749611480518658/RFQATU14_normal.jpg', 'https://pbs.twimg.com/media/FApNSdFWEAMMpG1?format=jpg&name=900x900']",https://twitter.com/whosjeffiam/status/1444051806431195147
jonny,@jonnybeec,2021-10-01T23:22:33.000Z,"jonny
@jonnybeec
Â·
2021å¹´10æœˆ2æ—¥",5th season?!?! i didnâ€™t even know there was a first one?!? WHAT,ğŸ ,1,,14,"['https://pbs.twimg.com/profile_images/1394266006395228162/qIjjvzl7_normal.jpg', 'https://pbs.twimg.com/media/FAokkRjXEBcoEVh?format=jpg&name=900x900']",https://twitter.com/jonnybeec/status/1444080324535857160
"Eating, Drinking, and Working Too Much!",@PhillyGrub,2021-10-01T23:04:39.000Z,"Eating, Drinking, and Working Too Much!
@PhillyGrub
Â·
2021å¹´10æœˆ2æ—¥",I almost ate the whole pint. IDGAF because I'm officially on vacation!! ,ğŸ‰,7,,27,['https://pbs.twimg.com/media/FApjTXhWQAAMW31?format=jpg&name=900x900'],https://twitter.com/PhillyGrub/status/1444075817072484353
InAllKindsOfWeather.com,@AllKindsWeather,2021-10-01T22:10:23.000Z,"InAllKindsOfWeather.com
@AllKindsWeather
Â·
2021å¹´10æœˆ2æ—¥","Iâ€™m at the Dartmouth-Penn game. PLENTY of #Gators connections for the #BigGreen, including:

K Connor Davis (son of former K 
@JuddDavis
)
TE Zion Carter (son of former DL 
@KevinCarter_93
)
OC Sammy McCorkle (former UF DB, 1993-96)
HC Buddy Teevens (ex-UF assistant, 1999-01)",ğŸŸ¢ ğŸŸ¢ ğŸŸ¢ ğŸŸ¢,3,1,14,[],https://twitter.com/AllKindsWeather/status/1444062161177878528
Leslie Gudel,@lesliegudel,2021-10-01T23:34:03.000Z,"Leslie Gudel
@lesliegudel
Â·
2021å¹´10æœˆ2æ—¥","24 years ago today, Comcast SportsNet was born. I believe this was in the 
@PhillyInquirer
 that day. I framed this commemorative copy for my parents and they sent it back to me a few years ago. A little wrinkled but holding up well.",,40,16,299,['https://pbs.twimg.com/media/FApqB2BWEAo6or7?format=jpg&name=900x900'],https://twitter.com/lesliegudel/status/1444083215782879232
EJ Samson,@ejsamson,2021-10-01T23:10:15.000Z,"EJ Samson
@ejsamson
Â·
2021å¹´10æœˆ2æ—¥",Being told by a coworker that I look like his fiancÃ©â€™s 12-year-old niece was just the ego boost I needed heading into the weekend,,3,,13,['https://pbs.twimg.com/media/FApklV0XEAEwBIk?format=jpg&name=medium'],https://twitter.com/ejsamson/status/1444077229051367427
Elise,@Swopes,2021-10-01T21:31:51.000Z,"Elise
@Swopes
Â·
2021å¹´10æœˆ2æ—¥",Got some absolutely amazing news today!  I cannot wait to share!!! Unfortunately it wonâ€™t be until oct 26th ,âœ¨ ğŸ’› ğŸ˜­,5,,41,[],https://twitter.com/Swopes/status/1444052466849419266
tiny terror,@ohaileigh,2021-10-01T22:38:55.000Z,"tiny terror
@ohaileigh
Â·
2021å¹´10æœˆ2æ—¥",Clark pissed me off by saying Miss Stefani G is annoying so I threw is phone in my backseat and blasted 3 oh 3 donâ€™t trust me as punishment,,,,8,[],https://twitter.com/ohaileigh/status/1444069342879141891
Brittney Johnson,@sunnybrittney,2021-10-01T22:27:16.000Z,"Brittney Johnson
@sunnybrittney
Â·
2021å¹´10æœˆ2æ—¥","Life is different with a dishwasher man. No more leaving the silverware on a paper towel by the sink for ""later"". I feel like I've made it  #IYKYK",ğŸ˜‚,,,14,[],https://twitter.com/sunnybrittney/status/1444066411631030272
Moises Mendez II,@MoisesFenty,2021-10-01T21:14:56.000Z,"Moises Mendez II
@MoisesFenty
Â·
2021å¹´10æœˆ2æ—¥","MORGAN!!!!!! This is incredible!!!! Iâ€™m so happy for you  
@morgan_sung
 congratulations ",â¤ â¤ â¤ â¤ â¤ ğŸŠ,1,,8,['https://pbs.twimg.com/profile_images/1623052731010129935/qgt8_DE1_normal.jpg'],https://twitter.com/MoisesFenty/status/1444048207819022338
Nick Guillory,@nickguillory,2021-10-01T23:45:14.000Z,"Nick Guillory
@nickguillory
Â·
2021å¹´10æœˆ2æ—¥","Iâ€™m at a wine bar in Brooklyn.
The server asks, â€œare you treating yourself to a bottle tonight?â€
Me: Honey, no, this is what I do all the time  #lovethyself",ğŸ˜‚,,,12,[],https://twitter.com/nickguillory/status/1444086031612063746
ohhleary,@ohhleary,2021-10-01T21:51:44.000Z,"ohhleary
@ohhleary
Â·
2021å¹´10æœˆ2æ—¥","This city is in a congestion emergency and 
@NYCMayor
 is asleep at the wheel. I saw traffic tonight in places Iâ€™ve never seen it before. Gridlock is so bad that youâ€™re boxed into bike lanes when theyâ€™re blocked. And theyâ€™re blocked with double-parked cars on virtually every block.",,2,1,13,[],https://twitter.com/ohhleary/status/1444057468355629056
Sharron Paul,@Sharronica,2021-10-01T22:01:25.000Z,"Sharron Paul
@Sharronica
Â·
2021å¹´10æœˆ2æ—¥",Gentrification topped off with a pandemic has murdered so many of the hood suit stores in Brooklyn. Iâ€™m heartbroken. I want to dress my fiancÃ© like an original King of Comedy.,,1,2,27,[],https://twitter.com/Sharronica/status/1444059906101944326
Dr. Sarah Odell,@CoachOdell1987,2021-10-02T22:52:59.000Z,"Dr. Sarah Odell
@CoachOdell1987
Â·
2021å¹´10æœˆ3æ—¥",I love to see it.,,,2,9,"['https://pbs.twimg.com/profile_images/1430016631711862791/m5TXMm14_normal.jpg', 'https://pbs.twimg.com/media/FAte4FNWUAMTmUu?format=jpg&name=900x900']",https://twitter.com/CoachOdell1987/status/1444435268749176835
AchieveHunter1,@AchieveHunter1,2021-10-02T21:43:35.000Z,"AchieveHunter1
@AchieveHunter1
Â·
2021å¹´10æœˆ3æ—¥","Iâ€™ll be performing soon! 
@PonyFestOnline
 Renegade Stage after 
@IntellectBlue
 #pony5est #brony #ponyfest",,1,4,22,['https://pbs.twimg.com/media/FAuaVIVXsAoo34q?format=jpg&name=medium'],https://twitter.com/AchieveHunter1/status/1444417803667247115
Brendan Van Ackeren,@BVanAckeren,2021-10-02T21:29:00.000Z,"Brendan Van Ackeren
@BVanAckeren
Â·
2021å¹´10æœˆ3æ—¥","Cheering on 
@PrincetonFTBL
 with my favorite . 

â€œDad, I am only cheering for the orange team!â€",ğŸ¯,,1,17,['https://pbs.twimg.com/media/FAuW__HXMAolD-C?format=jpg&name=900x900'],https://twitter.com/BVanAckeren/status/1444414137249980424
Jake Muir,@_jakemuir,2021-10-02T21:41:19.000Z,"Jake Muir
@_jakemuir
Â·
2021å¹´10æœˆ3æ—¥",I hope to get a comment like this on BC one day.,,,2,26,['https://pbs.twimg.com/media/FAuZ0WYWQBMc9SV?format=jpg&name=small'],https://twitter.com/_jakemuir/status/1444417236517720069
yosyjess,@yosyJess,2021-10-02T21:12:06.000Z,"yosyjess
@yosyJess
Â·
2021å¹´10æœˆ3æ—¥","Iâ€™m a huge fan of dance/electronic music and I was waiting for the moment 
@Camila_Cabello
 will have a good remix playing on Dance music channels, she did it with 
@MAJORLAZER
 remix #NP on 
@NotADiploBot
, this will b all over dance music festivals and clubs 4 months",,,7,41,['https://pbs.twimg.com/ext_tw_video_thumb/1444409836708507656/pu/img/htCXLsKdfhL7ZrRm.jpg'],https://twitter.com/yosyJess/status/1444409880610320390
eric von bro dude,@ericjfink,2021-10-02T23:53:24.000Z,"eric von bro dude
@ericjfink
Â·
2021å¹´10æœˆ3æ—¥",Heading onto my fourth slice of pizza Iâ€™m not slowing down you canâ€™t stop me,,3,,32,[],https://twitter.com/ericjfink/status/1444450475634532352
MatScouts,@MatScouts1,2021-10-02T23:49:10.000Z,"MatScouts
@MatScouts1
Â·
2021å¹´10æœˆ3æ—¥",if psu wins it will be #4 Penn St. @ #3 Iowa next week and iâ€™ll be there for it!,â€¼,10,1,125,"['https://pbs.twimg.com/profile_images/1557049160020393985/6-qgOo2E_normal.jpg', 'https://pbs.twimg.com/media/FAu2aKaWEAMAX2R?format=jpg&name=900x900']",https://twitter.com/MatScouts1/status/1444449411766046720
Nelson Flores,@nelsonlflores,2021-10-02T23:17:21.000Z,"Nelson Flores
@nelsonlflores
Â·
2021å¹´10æœˆ3æ—¥",Something Iâ€™ve noticed is that some media sites have switched from Latinx to Latine and the same trolls now tell them to stop using Latine and then begin their tirade against Latinx again too. Somehow I donâ€™t think their concern is the -e or the -x. I wonder what it might be ,ğŸ¤”,4,29,263,[],https://twitter.com/nelsonlflores/status/1444441401756983298
Gretchen Raffa,@GretchenRaffa,2021-10-02T23:49:23.000Z,"Gretchen Raffa
@GretchenRaffa
Â·
2021å¹´10æœˆ3æ—¥","I  abortion storytellers. We support you! Thank you 
@BergerGirvaloCT
 for sharing your story today. #RallyForAbortionJustice 
#AbortionIsHealthCare 
#BansOffOurBodies",â¤,,2,7,"['https://pbs.twimg.com/profile_images/1199888501598236674/Kk2yCkHm_normal.jpg', 'https://pbs.twimg.com/media/FAuQWYUXIAYfymO?format=jpg&name=small']",https://twitter.com/GretchenRaffa/status/1444449466090721284
Joey Sutera,@joeysofficial,2021-10-02T22:32:28.000Z,"Joey Sutera
@joeysofficial
Â·
2021å¹´10æœˆ3æ—¥",I shall sleep until 245AM and then head to mirage for sunrise and beyond. Nobody id rather hear close out the mirage season than Dixon,,,1,20,[],https://twitter.com/joeysofficial/status/1444430109411250176
Hythacg,@Hythacg,2021-10-02T21:40:15.000Z,"Hythacg
@Hythacg
Â·
2021å¹´10æœˆ3æ—¥","@ben_zank
 am I doing this right?",,,2,30,['https://pbs.twimg.com/media/FAuZkM4XoAI_oNP?format=jpg&name=900x900'],https://twitter.com/Hythacg/status/1444416966631038978
Dom N' The City | NYC Food Content Creator,@DomNTheCity,2021-10-02T22:36:13.000Z,"Dom N' The City | NYC Food Content Creator
@DomNTheCity
Â·
2021å¹´10æœˆ3æ—¥",I am the person they drives to an event and tells not a soul I drove. I am not a taxi and I am going straight home after this. ,ğŸ˜‚,3,1,18,[],https://twitter.com/DomNTheCity/status/1444431051439452161
Megan Romer,@meganromer,2021-10-02T22:47:59.000Z,"Megan Romer
@meganromer
Â·
2021å¹´10æœˆ3æ—¥","When I try to explain that despite being from the Northeast originally, it wasnâ€™t all that difficult to learn to blend in in the Gulf South,",,4,20,83,"['https://pbs.twimg.com/profile_images/1546136612295303168/stWlDw4T_normal.jpg', 'https://pbs.twimg.com/media/FAtJluDWEAIe3a-?format=jpg&name=900x900']",https://twitter.com/meganromer/status/1444434013360373765
Miss Shawn! FKA @thepbg,Miss Shawn! FKA @thepbg,2021-10-02T23:38:42.000Z,"Miss Shawn! FKA @thepbg
@MsCaShawn
Â·
2021å¹´10æœˆ3æ—¥","If 
@joindcps
 paid Educational Aides more than $16 per hour, I'd be co-teaching in an ECE classroom this year. I've turned down 2 offers so far this year. Good luck, 
@DCPSChancellor
 & step ya coins up.",,2,2,17,['https://pbs.twimg.com/profile_images/1432087709837770756/sFX7SsKS_normal.jpg'],https://twitter.com/MsCaShawn/status/1444446776140959747
Sari Beth Rosenberg,@saribethrose,2021-10-02T21:32:57.000Z,"Sari Beth Rosenberg
@saribethrose
Â·
2021å¹´10æœˆ3æ—¥","å›å¤ 
@fred_guttenberg
 å’Œ 
@SenatorSinema",ğŸ‘€,,4,27,[],https://twitter.com/saribethrose/status/1444415129425166338
Chris Polansky,@ChrisKPolansky,2021-10-02T23:35:33.000Z,"Chris Polansky
@ChrisKPolansky
Â·
2021å¹´10æœˆ3æ—¥","I sang along to all of the wedding bandâ€™s cover of Angel From Montgomery in this photo booth as I thought my buddy was filming but it was just still photos of me and 
@lena_camilletti
. Which, you know, is still fine.",,2,2,35,"['https://pbs.twimg.com/media/FAuz4hGX0AUqOdF?format=jpg&name=small', 'https://pbs.twimg.com/media/FAuz4hUXoAEGVSK?format=jpg&name=small', 'https://pbs.twimg.com/media/FAuz4hNWQAAV4zy?format=jpg&name=small', 'https://pbs.twimg.com/media/FAuz4hPWQAEoUhp?format=jpg&name=small']",https://twitter.com/ChrisKPolansky/status/1444445981664235523
Ilana Keller,@IlanaKeller,2021-10-02T21:31:31.000Z,"Ilana Keller
@IlanaKeller
Â·
2021å¹´10æœˆ3æ—¥",Anyone wanna guess where Iâ€™m headed tonight? This game isnâ€™t nearly as easy as it used to be *sniff* ,ğŸ˜­ â„,2,,13,[],https://twitter.com/IlanaKeller/status/1444414769512034305
genevieve yue,@genevieveyue,2021-10-02T21:26:55.000Z,"genevieve yue
@genevieveyue
Â·
2021å¹´10æœˆ3æ—¥",I made it to network TV! if nothing else I can be the lady who said the immortal words â€œI had to throw out a kind of expensive couchâ€,,,,13,['https://pbs.twimg.com/profile_images/907056580432084993/xkuJr2Kz_normal.jpg'],https://twitter.com/genevieveyue/status/1444413613373014018
Jessica GonzÃ¡lez-Rojas,@votejgr,2021-10-02T23:00:45.000Z,"Jessica GonzÃ¡lez-Rojas
@votejgr
Â·
2021å¹´10æœˆ3æ—¥","Today there was a Filipino Festival in Woodside and it was a lot of fun! I'm excited to frame this artwork I got in the office. It says:

You are loved.
You are enough.
You matter 

Follow them on IG at: @ wearesunraised",ğŸ¥°,,2,23,['https://pbs.twimg.com/media/FAur5x4WQAM3Idc?format=jpg&name=900x900'],https://twitter.com/votejgr/status/1444437224603496449
alyssa mercante,@alyssa_merc,2021-10-02T22:54:09.000Z,"alyssa mercante
@alyssa_merc
Â·
2021å¹´10æœˆ3æ—¥","Chatting with my bf about doing an Interview with a Vampire couples costumeâ€¦
Me: â€œWho would I be? Tom Cruise I guess right?â€
Him: â€œYeah the little mean one.",,1,,10,[],https://twitter.com/alyssa_merc/status/1444435566330884099
Kayce Smith,@KayceSmith,2021-10-02T23:22:28.000Z,"Kayce Smith
@KayceSmith
Â·
2021å¹´10æœˆ3æ—¥","I just kissed Brandonâ€™s head. This stream is going to be weird. 
@BWalkerSEC
 @UnnecRoughness",,2,2,59,['https://pbs.twimg.com/profile_images/1470759046097612807/v-T5Tl3k_normal.jpg'],https://twitter.com/KayceSmith/status/1444442690154897410
dezzy 4,@vtscherry,2021-10-03T22:11:50.000Z,"dezzy 4
@vtscherry
Â·
2021å¹´10æœˆ4æ—¥",iâ€™m so ready  #LoveOnTourNYC,ğŸ˜,2,1,20,"['https://pbs.twimg.com/media/FAzqZPtXEAQhk0p?format=jpg&name=small', 'https://pbs.twimg.com/media/FAzqZPqWQAM42NY?format=jpg&name=small']",https://twitter.com/vtscherry/status/1444787303944237061
James.xlsm,@JamesT425,2021-10-03T22:26:46.000Z,"James.xlsm
@JamesT425
Â·
2021å¹´10æœˆ4æ—¥",Where do I even begin,,3,,32,['https://pbs.twimg.com/media/FAztz7gX0AQI44F?format=jpg&name=900x900'],https://twitter.com/JamesT425/status/1444791059897327622
Motha,@_Jaylenee_,2021-10-03T22:14:39.000Z,"Motha
@_Jaylenee_
Â·
2021å¹´10æœˆ4æ—¥",I can not get over last night ,â¤,1,2,13,['https://pbs.twimg.com/media/FAzrCTsXsAM72P4?format=jpg&name=large'],https://twitter.com/_Jaylenee_/status/1444788009988145155
Camille Johnson,@OffbeatLook,2021-10-03T22:28:38.000Z,"Camille Johnson
@OffbeatLook
Â·
2021å¹´10æœˆ4æ—¥",Why do I have such a soft spot for angry black girls ,ğŸ˜,2,10,66,[],https://twitter.com/OffbeatLook/status/1444791531848835073
Ashwin,@ashwindeshmukh,2021-10-03T23:13:44.000Z,"Ashwin
@ashwindeshmukh
Â·
2021å¹´10æœˆ4æ—¥",Hiring restaurant/food PR. Who should I talk to?,,7,1,11,[],https://twitter.com/ashwindeshmukh/status/1444802881794752514
Ian Bulaclac,@Ian_Boolocklock,2021-10-03T23:07:07.000Z,"Ian Bulaclac
@Ian_Boolocklock
Â·
2021å¹´10æœˆ4æ—¥",DRIVE MY CAR is my first experience with Ryusuke Hamaguchi and I happy to report that itâ€™s great. One of the best screenplays of the year which makes the 3 hour runtime a breeze. Also a moving story about grief. #NYFF59,,,4,34,['https://pbs.twimg.com/media/FAz3C8vWUAQd_dH?format=jpg&name=900x900'],https://twitter.com/Ian_Boolocklock/status/1444801214227566594
KP8,@SabrinaTemple,2021-10-03T23:57:36.000Z,"KP8
@SabrinaTemple
Â·
2021å¹´10æœˆ4æ—¥",Unpopular opinion and I know I talk a lot of shit butâ€¦  Iâ€™d rather watch ben play all 17 games and we go out swinging then see him be benched his last season. That man gave us so much in the last 18 years.. we deserve to give him this chance to play the game he loves.,ğŸ–¤ ğŸ’›,75,37,389,[],https://twitter.com/SabrinaTemple/status/1444813918375919627
Montana,@fckhannaht,2021-10-03T22:14:11.000Z,"Montana
@fckhannaht
Â·
2021å¹´10æœˆ4æ—¥",I got my film developed today .. i love,ğŸ–¤ ğŸ¥°,1,1,21,"['https://pbs.twimg.com/media/FAzq6j4XoAAQ2GY?format=jpg&name=small', 'https://pbs.twimg.com/media/FAzq6j4WYAIDSpf?format=jpg&name=small', 'https://pbs.twimg.com/media/FAzq6j3WEAI6m5g?format=jpg&name=small', 'https://pbs.twimg.com/media/FAzq6kYXEAUqj_P?format=jpg&name=small']",https://twitter.com/fckhannaht/status/1444787894506377218
Connor Hughes,@Connor_J_Hughes,2021-10-03T21:09:21.000Z,"Connor Hughes
@Connor_J_Hughes
Â·
2021å¹´10æœˆ4æ—¥","Saleh to Zach Wilson after the game 

â€œYou having fun yet?â€ 

I think he is. #Jets",,5,34,846,[],https://twitter.com/Connor_J_Hughes/status/1444771576642162690
STEVE..NOMAD LOUNGER,@NomadLounger,2021-10-03T22:24:35.000Z,"STEVE..NOMAD LOUNGER
@NomadLounger
Â·
2021å¹´10æœˆ4æ—¥","I couldnâ€™t leave 
@unclegiuseppes
  Italian market without a few cannoli cream filled donuts ",ğŸ˜‹,,,12,['https://pbs.twimg.com/media/FAztT-iXoAMiR2h?format=jpg&name=900x900'],https://twitter.com/NomadLounger/status/1444790513509470212
T,@tdgator9,2021-10-03T22:26:29.000Z,"T
@tdgator9
Â·
2021å¹´10æœˆ4æ—¥",I am easily fatigued.,,,,21,['https://pbs.twimg.com/profile_images/1139684589964812288/l8j3bmKB_normal.jpg'],https://twitter.com/tdgator9/status/1444790991094009856
Gianna Grossmann,@GiannaPHL,2021-10-03T22:41:23.000Z,"Gianna Grossmann
@GiannaPHL
Â·
2021å¹´10æœˆ4æ—¥","I was just walking my dog and walked by a man holding a raccoon like a baby- the guy says to me oh heâ€™s friendly and his young daughter behind him goes â€œwhat? Are you jealous?â€ Never change, Philly.",,,2,25,[],https://twitter.com/GiannaPHL/status/1444794738461315072
bradorbradley.lens,@brad_or_bradley,2021-10-03T22:26:48.000Z,"bradorbradley.lens
@brad_or_bradley
Â·
2021å¹´10æœˆ4æ—¥","Thank you 
@justinaversano
 for this copy of #TwinFlames. My younger brothers are fraternal twins who experienced a variety of health issues in utero and as infants, Iâ€™ll be glad to share my copy with them on your behalf, thank you",,4,2,42,"['https://pbs.twimg.com/media/FAztz4nXoAEm-_a?format=jpg&name=small', 'https://pbs.twimg.com/media/FAztz4iXsAAk3FE?format=jpg&name=small']",https://twitter.com/brad_or_bradley/status/1444791067405164544
SIMP FRIED RICE,@APTheAngel,2021-10-03T23:48:23.000Z,"SIMP FRIED RICE
@APTheAngel
Â·
2021å¹´10æœˆ4æ—¥",Cuffing season approaching. This is how Iâ€™m shooting my shot for the rest of fall:,,2,13,43,['https://pbs.twimg.com/ext_tw_video_thumb/1444811570312318980/pu/img/5hOHsbx-Tt0zYDZr.jpg'],https://twitter.com/APTheAngel/status/1444811601866018818
@OldManWhoBets,@OldManWhoBets,2021-10-03T22:44:17.000Z,"@OldManWhoBets
@OldManWhoBets
Â·
2021å¹´10æœˆ4æ—¥","Today I wasâ€¦ 

Very correct about the Cowboys

Very incorrect about the Cardinals",,1,,11,['https://pbs.twimg.com/tweet_video_thumb/FAzx0SFXoAEtBk0.jpg'],https://twitter.com/OldManWhoBets/status/1444795467058106368
Tim Mosca (he/him),@drosophilosophy,2021-10-03T23:09:20.000Z,"Tim Mosca (he/him)
@drosophilosophy
Â·
2021å¹´10æœˆ4æ—¥",i guess i better start getting used to night runs again. #cityrunner,,1,1,25,['https://pbs.twimg.com/media/FAz3Pj_WQAEJuLR?format=jpg&name=900x900'],https://twitter.com/drosophilosophy/status/1444801774016155649
reversecowgirl69,@botticellibimbo,2021-10-03T23:48:09.000Z,"reversecowgirl69
@botticellibimbo
Â·
2021å¹´10æœˆ4æ—¥",my mom and stepdad almost broke up bc he was buying someoneâ€™s nudes from twitter and i couldnâ€™t stop laughing when my mom was like WHO DOES THAT like maâ€™amâ€¦. if u knew,,1,,38,[],https://twitter.com/botticellibimbo/status/1444811542055329792
Elise,@Swopes,2021-10-03T23:36:11.000Z,"Elise
@Swopes
Â·
2021å¹´10æœˆ4æ—¥",I loveeeeeee Halloween movies ,âœ¨ ğŸ‘»,1,,18,[],https://twitter.com/Swopes/status/1444808529219629057
JJ Keyes,@jjkeyes,2021-10-03T23:46:14.000Z,"JJ Keyes
@jjkeyes
Â·
2021å¹´10æœˆ4æ—¥","I think I was over eager for opportunities to work as a writer & actor in my 20s & 30s. I wanted to get in the foot in the door so bad & it didnâ€™t do me any good. Now, in my 40s, Iâ€™m just doing the work & trying to enjoy myself in the process.",,1,,20,[],https://twitter.com/jjkeyes/status/1444811059492270080
Tom Dale,@tomdale,2021-10-03T22:58:35.000Z,"Tom Dale
@tomdale
Â·
2021å¹´10æœˆ4æ—¥","I donâ€™t read â€œbooksâ€ anymore, but I am reading a lot of â€œfirst three chapters.â€",,,,8,[],https://twitter.com/tomdale/status/1444799067075264512
DUBBY,@DubbysBurner,2021-10-03T22:28:26.000Z,"DUBBY
@DubbysBurner
Â·
2021å¹´10æœˆ4æ—¥",I can't wait to read @49er__ tweets about how great of a play this is and how only Trey can make this throw under pressure,â¡ ğŸ™Œ,9,1,86,"['https://pbs.twimg.com/profile_images/1604943357750419465/wk5BAmKG_normal.png', 'https://pbs.twimg.com/profile_images/1170690523201527808/FriNRiir_bigger.png', 'https://pbs.twimg.com/amplify_video_thumb/1444787801086521344/img/agWIcrzr8kHEqd37.jpg']",https://twitter.com/DubbysBurner/status/1444791480908980227
Louis Peitzman,@LouisPeitzman,2021-10-03T23:25:18.000Z,"Louis Peitzman
@LouisPeitzman
Â·
2021å¹´10æœˆ4æ—¥","Lots of teens in slasher movies get offed after (or during) sex that looks mediocre, at best. Iâ€™m glad that Lynda has an orgasm from â€œfantasticâ€ sex before sheâ€™s murdered. Letâ€™s celebrate that.",,2,,46,[],https://twitter.com/LouisPeitzman/status/1444805792327213059
Rachel Figueroa,@Jewyorican,2021-10-03T22:45:30.000Z,"Rachel Figueroa
@Jewyorican
Â·
2021å¹´10æœˆ4æ—¥","X: Mama can you make me spaghetti?
Me: You just ate dinner are you sure you want to eat spaghetti now?
X: I donâ€™t want to eat I want you to make spaghetti just in case.",ğŸ ğŸ ğŸ ğŸŒ» ğŸŒ» ğŸ„,1,,13,[],https://twitter.com/Jewyorican/status/1444795776098521089
George Santos,@Santos4Congress,2021-10-03T23:25:18.000Z,"George Santos
@Santos4Congress
Â·
2021å¹´10æœˆ4æ—¥","A quick correction Iâ€™m NOT Hispanic. A lot of people often categorize me as such, for the record Iâ€™m Euro African and proud of it. 
Just wanted to put it out there.",,37,105,80,[],https://twitter.com/Santos4Congress/status/1444805792016777216
Danny O'Neil,@dannyoneil,2021-10-03T23:04:56.000Z,"Danny O'Neil
@dannyoneil
Â·
2021å¹´10æœˆ4æ—¥","Iâ€™m bummed, but only because I wonâ€™t get to watch them again tomorrow. Iâ€™m disappointed, but not in them. Iâ€™m disappointed for them. They really did play better than anyone had any right to expect and I loved watching them.",,4,11,149,[],https://twitter.com/dannyoneil/status/1444800664371089412
Danny O'Neil,@dannyoneil,2021-10-03T23:08:48.000Z,"Danny O'Neil
@dannyoneil
Â·
2021å¹´10æœˆ4æ—¥","I believe the future is really bright, and Iâ€™ll be pumped, but right now Iâ€™m just gonnaâ€™ be in my feelings because you only get a few times that a team you cheer for is as special as this one was.
Thank you, guys, for how much you gave us and gave of yourselves.",,2,5,109,[],https://twitter.com/dannyoneil/status/1444801639177719812
Rob Taub,@robmtaub,2021-10-03T23:51:49.000Z,"Rob Taub
@robmtaub
Â·
2021å¹´10æœˆ4æ—¥","An army of dirt bikes and ATVâ€™s are flying down Second Avenue with a level of lawlessness that probably didnâ€™t take place in the Wild West. I wish they would drive by Gracie Mansion and visit 
@NYCMayor
 and @NYCFirstLady",,1,3,20,[],https://twitter.com/robmtaub/status/1444812462914740226
Karen Hua,@K_Hua,2021-10-03T23:07:35.000Z,"Karen Hua
@K_Hua
Â·
2021å¹´10æœˆ4æ—¥","At this point in my life, Iâ€™m pretty positive Marshallâ€™s store layout is witchcraft because I yet again went in with 2 items on my list and came out $301 poorer",,5,,25,[],https://twitter.com/K_Hua/status/1444801334360805378
Roberto Abramowitz,@RobAbramowitz,2021-10-03T23:52:23.000Z,"Roberto Abramowitz
@RobAbramowitz
Â·
2021å¹´10æœˆ4æ—¥","Today might have been one of my craziest work days ever with one of the most unusual doubleheaderâ€™s Iâ€™ve ever called. 
At noon it was the #NYCvNSH #NYCFC soccer game at RBA, & at 4:25pm from my home studio I called the #NFLâ€™s #BALvsDEN for 
@NFLonCBS
.
A two-sport doubleheader!",,1,1,20,[],https://twitter.com/RobAbramowitz/status/1444812605269364737
,,2021-10-04T23:39:36.000Z,,,,,,,[],https://twitter.com/stoolpresidente/status/1445171777747947522
,,2021-10-04T22:02:22.000Z,,,,,,,[],https://twitter.com/chingjuhl/status/1445147309503832067
,,2021-10-04T22:58:03.000Z,,,,,,,['https://pbs.twimg.com/media/FA4-jzcXsAIqVJW?format=jpg&name=medium'],https://twitter.com/liciainbook/status/1445161320177864707
,,2021-10-04T23:52:41.000Z,,,,,,,[],https://twitter.com/kudosdunce/status/1445175068636631040
pj,@pineapplepapi,2021-10-04T23:54:43.000Z,"pj
@pineapplepapi
Â·
2021å¹´10æœˆ5æ—¥",I canâ€™t believe Iâ€™m gonna be shooting LA Fashion Week ,ğŸ¥²,3,,19,[],https://twitter.com/pineapplepapi/status/1445175583810494464
Matt Haskell,@matt_haskell7,2021-10-04T23:26:29.000Z,"Matt Haskell
@matt_haskell7
Â·
2021å¹´10æœˆ5æ—¥",Fired up to announce that I've accepted a position at the University of Connecticut to serve as the Assistant Director of Athletic Events & Facilities starting this week. Super excited to join the team up in Storrs!,,8,3,114,[],https://twitter.com/matt_haskell7/status/1445168479011758082
,,2021-10-04T22:10:22.000Z,,,,,,,[],https://twitter.com/emilyfoxkaplan/status/1445149323386396680
,,2021-10-04T23:01:18.000Z,,,,,,,[],https://twitter.com/jamieob256/status/1445162140101455881
,,2021-10-04T23:53:56.000Z,,,,,,,['https://pbs.twimg.com/media/FA5LWb3XIAI22a3?format=jpg&name=900x900'],https://twitter.com/hijonimdad/status/1445175383008202754
,,2021-10-04T23:52:36.000Z,,,,,,,[],https://twitter.com/HandsomeAssh0le/status/1445175051016364036
,,2021-10-04T22:38:21.000Z,,,ğŸº ğŸº ğŸ’,,,,[],https://twitter.com/brydisanto/status/1445156362074431492
SES,@SESBX,2021-10-04T23:27:28.000Z,"SES
@SESBX
Â·
2021å¹´10æœˆ5æ—¥",Iâ€™m in transition into becoming the best version of myself. Constant work on my physical & mental health. ,ğŸ§¿,1,4,14,[],https://twitter.com/SESBX/status/1445168723300655104
Nicholas Borgia-Tran,@NTranComposer,2021-10-04T23:46:15.000Z,"Nicholas Borgia-Tran
@NTranComposer
Â·
2021å¹´10æœˆ5æ—¥",I have not watched Squid Game but how did none of you nerds tweet that Dies Irae is in the trailer?!?!????,,1,,11,[],https://twitter.com/NTranComposer/status/1445173452143570949
Superman,@jonathanbelle,2021-10-04T22:58:33.000Z,"Superman
@jonathanbelle
Â·
2021å¹´10æœˆ5æ—¥",Ahh I didnâ€™t know this.,ğŸ¦‡ ğŸƒ,,,,"['https://pbs.twimg.com/profile_images/1533592513847603200/paDTrvga_normal.jpg', 'https://pbs.twimg.com/media/FA4QAqPVEAcmEHi?format=png&name=900x900']",https://twitter.com/jonathanbelle/status/1445161448829767687
,,2021-10-04T23:51:23.000Z,,,,,,,"['https://pbs.twimg.com/profile_images/1635304658896838656/X0VXS6e9_normal.jpg', 'https://pbs.twimg.com/media/FA0pvsaWYAAdhCm?format=jpg&name=900x900']",https://twitter.com/ElOsoBlancoNj/status/1445174741787107338
,,2021-10-04T22:18:26.000Z,,,â›ˆ ğŸ¥²,,,,['https://pbs.twimg.com/media/FA41fgNXMAIyMjA?format=jpg&name=medium'],https://twitter.com/rafithecool/status/1445151352376766467
,,2021-10-04T22:26:47.000Z,,,,,,,"['https://pbs.twimg.com/media/FA43Xd0XMAY2z3P?format=jpg&name=900x900', 'https://pbs.twimg.com/media/FA43XeQWEAUmWXN?format=jpg&name=small', 'https://pbs.twimg.com/media/FA43Xd0WYAIOQqO?format=jpg&name=small']",https://twitter.com/MurphyforSI/status/1445153451386802181
,,2021-10-04T22:19:34.000Z,,,,,,,[],https://twitter.com/DebonairPierre/status/1445151635324428291
,,2021-10-04T23:47:56.000Z,,,ğŸ¤ ğŸ¥º,,,,['https://pbs.twimg.com/tweet_video_thumb/FA5J-fIWYAQJXd5.jpg'],https://twitter.com/StevieDerrick_/status/1445173873679478784
,,2021-10-04T23:18:35.000Z,,,,2,1,15,['https://pbs.twimg.com/profile_images/1349098063391027202/7qbMRPlL_normal.jpg'],https://twitter.com/rgodfrey/status/1445166490471239686
Connor Hughes,@Connor_J_Hughes,2021-10-04T23:31:29.000Z,"Connor Hughes
@Connor_J_Hughes
Â·
2021å¹´10æœˆ5æ—¥","I can confirm #Jets safety Marcus Maye is facing charges from a DUI arrest. Happened in Florida in February. 
@RichCimini
 first",,40,49,344,[],https://twitter.com/Connor_J_Hughes/status/1445169736061526018
,,2021-10-04T22:33:11.000Z,,,ğŸ ğŸ ğŸ ğŸŒ» ğŸŒ» ğŸ„,,,,[],https://twitter.com/Jewyorican/status/1445155061697585155
,,2021-10-04T23:28:19.000Z,,,,,,,[],https://twitter.com/Ky_Carlin/status/1445168936539074560
,,2021-10-04T22:32:08.000Z,,,,,,,"['https://pbs.twimg.com/media/FA44jifXoAEqRC_?format=jpg&name=small', 'https://pbs.twimg.com/media/FA44jigWQAIHDhG?format=jpg&name=small', 'https://pbs.twimg.com/media/FA44jjwX0AAWe9t?format=jpg&name=small', 'https://pbs.twimg.com/media/FA44kCQWQAExwPA?format=jpg&name=small']",https://twitter.com/KendraPHL/status/1445154798190407681
,,2021-10-04T21:50:58.000Z,,,,,,,"['https://pbs.twimg.com/tweet_video_thumb/FA4vNNHXMAgfh6A.jpg', 'https://pbs.twimg.com/profile_images/1546844438466543617/dW--hqrz_normal.jpg']",https://twitter.com/CatalinaCruzNY/status/1445144440654401540
,,2021-10-04T23:37:50.000Z,,,ğŸ— ğŸŒ ğŸ”° ğŸš‹ ğŸš„,,,,"['https://pbs.twimg.com/media/FA5Hq7YWQAcs0Cx?format=jpg&name=medium', 'https://pbs.twimg.com/profile_images/1636440537338134529/Z4JXhDGB_normal.jpg']",https://twitter.com/aarmlovi/status/1445171334842097664
,,2021-10-04T23:37:50.000Z,,,ğŸ— ğŸŒ ğŸ”° ğŸš‹ ğŸš„,1,3,12,"['https://pbs.twimg.com/media/FA5Hq7YWQAcs0Cx?format=jpg&name=medium', 'https://pbs.twimg.com/profile_images/1636440537338134529/Z4JXhDGB_normal.jpg']",https://twitter.com/aarmlovi/status/1445171334842097664
,,2021-10-04T22:42:30.000Z,,,,,,,[],https://twitter.com/Serranosisters/status/1445157406800060416
,,2021-10-04T21:27:06.000Z,,,,,,,[],https://twitter.com/BaileyCarlin/status/1445138431160557577
,,2021-10-04T23:52:55.000Z,,,,,,,[],https://twitter.com/RachelLeishman/status/1445175128581681162
,,2021-10-04T23:41:10.000Z,,,,,,,[],https://twitter.com/AKannapell/status/1445172170313850891
,,2021-10-04T23:57:36.000Z,,,ğŸ”œ,,,,['https://pbs.twimg.com/profile_images/1637850399829794817/FWTGyr8b_normal.jpg'],https://twitter.com/RachelLeishman/status/1445176306065453063
Ryan Leckey,@RyanLeckey,2021-10-04T21:39:04.000Z,"Ryan Leckey
@RyanLeckey
Â·
2021å¹´10æœˆ5æ—¥","I miss those timesâ€¦back when weâ€™d browse Instagram and Facebook for minutes on end. One day, Iâ€™ll be able to tell the kids â€¦..â€this one time on Facebookâ€¦â€¦â€",,3,,16,[],https://twitter.com/RyanLeckey/status/1445141445388685325
Rachel Leishman,@RachelLeishman,2021-10-04T23:35:58.000Z,"Rachel Leishman
@RachelLeishman
Â·
2021å¹´10æœˆ5æ—¥",I am not mentally/physically/emotionally here to deal with your bullshit. I'm sorry that you can't understand good writing. Must suck to suck. Long live Rian Johnson,,2,1,30,['https://pbs.twimg.com/profile_images/1312971112532316160/wJ_KJC9r_normal.jpg'],https://twitter.com/RachelLeishman/status/1445170863532347398
,,2021-10-04T21:39:04.000Z,,"I miss those timesâ€¦back when weâ€™d browse Instagram and Facebook for minutes on end. One day, Iâ€™ll be able to tell the kids â€¦..â€this one time on Facebookâ€¦â€¦â€",,3,,16,[],https://twitter.com/RyanLeckey/status/1445141445388685325
